Var,all,four,six,eight
mpg,0.2244000000000001,0.35695982738264775,0.004983516685508248,0.15416541227117758
disp,0.2358999999999997,0.09489274746620667,0.03579071074137735,0.3758024627844628
hp,0.22779999999999967,0.08883839248463886,0.04621079108380371,0.3625993796176612
drat,0.18254999999999993,0.35708338564757824,-0.015856643999344423,0.07727686912333576
wt,0.1684500000000001,0.05881373410665935,-0.01902797279921332,0.2849341845188319
qsec,0.09225000000000001,0.1635911427672623,-0.004983516685508258,0.051647354740721865
vs,0.1721500000000001,0.09019753339886846,0.03760289862701675,0.2553243288874032
