Var,all,four,six,eight
mpg,0.2127500000000002,0.3438626513000732,-0.0018121878856393627,0.14329228495734128
disp,0.22279999999999975,0.10144133550749429,0.03986813348406592,0.34434805876943686
hp,0.21614999999999965,0.10082354418284457,0.0394150865126561,0.3320187090474973
drat,0.1669000000000001,0.32891210124354786,-0.037149851655606914,0.07358777235614133
wt,0.15070000000000003,0.05177091300565188,-0.015856643999344427,0.255324328887403
qsec,0.09359999999999992,0.15889592869992414,0.010873127313836186,0.05455979955692801
vs,0.15315000000000012,0.07166379365937503,0.044851650169574195,0.23144228139451312
am,0.029000000000000033,0.00395386447775861,9.060939428196805e-4,0.05300649565495144
