Var,all,four,six,eight
mpg,0.21275000000000013,0.34386265130007315,-0.0018121878856393627,0.1432922849573413
disp,0.22279999999999986,0.10144133550749432,0.03986813348406592,0.34434805876943686
hp,0.21614999999999956,0.10082354418284453,0.0394150865126561,0.3320187090474973
drat,0.1669,0.32891210124354775,-0.03714985165560692,0.07358777235614133
wt,0.1507000000000001,0.051770913005651883,-0.015856643999344423,0.25532432888740303
qsec,0.09359999999999993,0.1588959286999241,0.010873127313836172,0.05455979955692801
vs,0.1531500000000001,0.07166379365937503,0.044851650169574195,0.23144228139451312
am,0.02900000000000002,0.003953864477758611,9.060939428196805e-4,0.05300649565495143
