Var,all,four,six,eight
mpg,0.2244000000000001,0.35695982738264775,0.004983516685508248,0.15416541227117758
disp,0.2358999999999997,0.09489274746620664,0.03579071074137735,0.3758024627844628
hp,0.22779999999999964,0.08883839248463886,0.04621079108380371,0.3625993796176611
drat,0.18254999999999993,0.35708338564757824,-0.01585664399934442,0.07727686912333576
wt,0.16845000000000007,0.05881373410665934,-0.01902797279921332,0.28493418451883196
qsec,0.09225,0.16359114276726233,-0.004983516685508257,0.051647354740721865
vs,0.17215000000000005,0.09019753339886849,0.03760289862701675,0.2553243288874032
