Var,all,four,six,eight
mpg,0.21275000000000016,0.3438626513000732,-0.0018121878856393627,0.14329228495734128
disp,0.22279999999999978,0.10144133550749428,0.03986813348406592,0.3443480587694368
hp,0.21614999999999962,0.10082354418284457,0.0394150865126561,0.3320187090474973
drat,0.16690000000000008,0.32891210124354786,-0.037149851655606914,0.07358777235614133
wt,0.15070000000000003,0.051770913005651883,-0.015856643999344427,0.2553243288874029
qsec,0.09359999999999992,0.15889592869992414,0.010873127313836188,0.054559799556927996
vs,0.1531500000000001,0.07166379365937502,0.044851650169574195,0.23144228139451312
am,0.029000000000000033,0.00395386447775861,9.060939428196806e-4,0.053006495654951434
