Group,Sens,Spec,thresh,dist,AUC,Sensitivity,Specificity,Pos Pred Value,Neg Pred Value,Precision,Recall,F1,Prevalence,Detection Rate,Detection Prevalence,Balanced Accuracy
four,1,1,0.5846153846153846,0,1,1,1,1,1,1,1,1,0.39285714285714285,0.39285714285714285,0.39285714285714285,1
six,0.6666666666666666,0.96,0.2857142857142857,0.3357247549870446,0.8666666666666666,0.6666666666666666,0.96,0.6666666666666664,0.96,0.6666666666666666,0.6666666666666666,0.6666666666666666,0.10714285714285714,0.07142857142857142,0.10714285714285714,0.8133333333333332
eight,1,1,0.6060606060606061,0,1,1,1,1,1,1,1,1,0.5,0.5,0.5,1
