Var,all,four,six,eight
disp,0.2934999999999999,0.14579875261734876,0.009060939428196815,0.4533705763894194
hp,0.27899999999999997,0.15691899646104482,0.004530469714098406,0.41745042365621043
drat,0.15799999999999995,0.3126024102727902,-0.009060939428196815,0.06310297101779927
wt,0.158,0.03583189682968742,-0.009060939428196815,0.28056551729452295
qsec,0.08600000000000002,0.1692748229540406,0.01812187885639363,0.030095263100796573
vs,0.1565,0.09019753339886828,0.03624375771278726,0.2252290657866066
carb,0.142,0.0543656365691809,0.01812187885639363,0.22911232554154817
X9,0.19300000000000003,0.23723186866551674,-0.027182818284590446,0.19416298774707466
