Var,all,four,six,eight
mpg,0.25550000000000006,0.36696804684197126,0.009060939428196815,0.20581276701189913
disp,0.24550000000000008,0.11120243843696091,0.04983516685508247,0.3786178261067956
hp,0.24900000000000005,0.12726501287785533,0.0724875154255745,0.36793886178070634
drat,0.20099999999999987,0.3953864477758613,-0.013591409142295223,0.08251926979250675
wt,0.17149999999999999,0.08525520280167004,-1.5089495366877009e-18,0.26600329321349225
qsec,0.06449999999999999,0.1383852567215513,-0.004530469714098409,0.017474668897236725
vs,0.1415,0.08772636810026914,0.04077422742688566,0.19707543256328083
