Var,all,four,six,eight
mpg,0.2284999999999999,0.3373140632587816,0.004530469714098408,0.17765913378857343
disp,0.2719999999999999,0.14579875261734876,0.004530469714098404,0.4125963489625335
hp,0.19599999999999998,0.05683680186778002,-0.004530469714098411,0.33687278374117446
drat,0.2195,0.40897785691815636,-0.04983516685508247,0.11552697770950943
wt,0.142,0.03583189682968741,-0.03171328799868887,0.25435351394866784
qsec,0.12100000000000004,0.23352512071761797,-0.013591409142295225,0.0543656365691809
vs,0.15499999999999997,0.08772636810026914,0.03624375771278726,0.2242582508478713
