Group,Sens,Spec,thresh,dist,AUC,Sensitivity,Specificity,Pos Pred Value,Neg Pred Value,Precision,Recall,F1,Prevalence,Detection Rate,Detection Prevalence,Balanced Accuracy
four,1,1,0.5223880597014925,0,1,1,1,1,1,1,1,1,0.39285714285714285,0.39285714285714285,0.39285714285714285,1
six,1,0.76,0.09836065573770492,0.24,0.92,1,0.76,0.3333333333333333,1,0.3333333333333333,1,0.5,0.10714285714285714,0.10714285714285714,0.32142857142857145,0.88
eight,1,1,0.6710526315789473,0,1,1,1,1,1,1,1,1,0.5,0.5,0.5,1
