Var,all,four,six,eight
disp,0.2934999999999999,0.14579875261734873,0.009060939428196815,0.45337057638941936
hp,0.2789999999999999,0.1569189964610448,0.004530469714098406,0.4174504236562104
drat,0.15799999999999995,0.31260241027279034,-0.009060939428196819,0.06310297101779928
wt,0.158,0.03583189682968742,-0.009060939428196815,0.280565517294523
qsec,0.08600000000000002,0.1692748229540405,0.01812187885639363,0.030095263100796566
vs,0.15649999999999997,0.09019753339886828,0.03624375771278726,0.2252290657866066
carb,0.14199999999999996,0.0543656365691809,0.01812187885639363,0.22911232554154826
X9,0.193,0.23723186866551674,-0.027182818284590446,0.19416298774707466
