Var,all,four,six,eight
disp,0.26049999999999995,0.09761102929466567,0.0634265759973777,0.41550879377873967
hp,0.25399999999999995,0.10378894254116354,0.03171328799868886,0.4048298294526507
drat,0.14850000000000002,0.307660079675592,-0.004530469714098408,0.0475699319980333
wt,0.207,0.0753705416072735,-0.009060939428196819,0.3446393032510574
qsec,0.09350000000000001,0.159390161759644,0.022652348570492035,0.0514531917529748
vs,0.1875,0.11738035168345878,0.04077422742688566,0.26309084839728625
carb,0.14400000000000002,0.04818772332268306,0.04077422742688566,0.2329955852964896
X9,0.19499999999999995,0.25205886045711157,-0.013591409142295225,0.18348402342098563
