Group,Sens,Spec,thresh,dist,AUC,Sensitivity,Specificity,Pos Pred Value,Neg Pred Value,Precision,Recall,F1,Prevalence,Detection Rate,Detection Prevalence,Balanced Accuracy
four,1,1,0.6470588235294118,0,1,1,1,1,1,1,1,1,0.39285714285714285,0.39285714285714285,0.39285714285714285,1
six,0.6666666666666666,0.88,0.15625,0.35427547348230465,0.8266666666666667,0.6666666666666666,0.88,0.39999999999999997,0.9565217391304348,0.4,0.6666666666666666,0.5,0.10714285714285714,0.07142857142857142,0.17857142857142858,0.7733333333333333
eight,1,1,0.7464788732394366,0,1,1,1,1,1,1,1,1,0.5,0.5,0.5,1
