Var,all,four,six,eight
disp,0.2884999999999999,0.1371496740722519,-0.004530469714098412,0.45337057638941936
hp,0.22349999999999998,0.10996685578766133,-0.009060939428196815,0.34949337794473445
drat,0.17199999999999993,0.35214105505037646,-0.004530469714098409,0.058248896324122404
wt,0.17649999999999996,0.08031287220447175,-0.027182818284590446,0.2854195919881997
qsec,0.08199999999999999,0.13097176082575396,0.022652348570492035,0.051453191752974775
vs,0.1705,0.08525520280167,0.03171328799868886,0.25726595876487407
carb,0.132,0.01976932238879305,0.0634265759973777,0.22717069566407738
X9,0.20600000000000004,0.25576560840501017,-0.03624375771278727,0.2067835819506346
