Var,all,four,six,eight
mpg,0.19649999999999998,0.3187803235192881,0.049835166855082484,0.12038105240318635
disp,0.1985000000000001,0.05930796716637917,0.05436563656918088,0.32716463435382076
hp,0.21300000000000008,0.1087312731383618,0.03624375771278726,0.32036892978267295
drat,0.19700000000000004,0.37067479478986987,0.004530469714098404,0.09028578930238973
wt,0.15550000000000003,0.056836801867780035,-0.004530469714098409,0.25823677370360937
qsec,0.09349999999999997,0.1445631699680492,0.027182818284590446,0.0621321560790639
vs,0.1545,0.06548588041287697,0.0770179851396729,0.23202477035775423
am,0.02949999999999999,-0.006177913246497826,-0.01812187885639363,0.06601541583400539
