Group,Sens,Spec,thresh,dist,AUC,Sensitivity,Specificity,Pos Pred Value,Neg Pred Value,Precision,Recall,F1,Prevalence,Detection Rate,Detection Prevalence,Balanced Accuracy
four,1,1,0.6567164179104478,0,1,1,1,1,1,1,1,1,0.39285714285714285,0.39285714285714285,0.39285714285714285,1
six,1,0.6,0.05,0.4,0.7466666666666666,1,0.6,0.23076923076923073,1,0.23076923076923078,1,0.375,0.10714285714285714,0.10714285714285714,0.4642857142857143,0.8
eight,1,1,0.7222222222222222,0,1,1,1,1,1,1,1,1,0.5,0.5,0.5,1
