Var,all,four,six,eight
disp,0.2885,0.13714967407225187,-0.004530469714098412,0.4533705763894193
hp,0.22349999999999998,0.10996685578766133,-0.009060939428196815,0.34949337794473434
drat,0.17199999999999993,0.35214105505037646,-0.004530469714098409,0.058248896324122404
wt,0.17649999999999996,0.08031287220447175,-0.027182818284590446,0.28541959198819977
qsec,0.08199999999999999,0.13097176082575396,0.022652348570492035,0.051453191752974796
vs,0.17050000000000007,0.08525520280167,0.03171328799868886,0.25726595876487407
carb,0.13199999999999998,0.01976932238879305,0.0634265759973777,0.2271706956640774
X9,0.20600000000000002,0.2557656084050102,-0.03624375771278727,0.20678358195063462
