Var,all,four,six,eight
mpg,0.1965,0.3187803235192881,0.049835166855082484,0.12038105240318635
disp,0.19850000000000012,0.059307967166379164,0.05436563656918088,0.32716463435382087
hp,0.21300000000000008,0.1087312731383618,0.03624375771278726,0.3203689297826731
drat,0.19699999999999998,0.37067479478987,0.004530469714098404,0.09028578930238972
wt,0.15550000000000003,0.056836801867780035,-0.004530469714098409,0.2582367737036094
qsec,0.0935,0.14456316996804916,0.027182818284590446,0.0621321560790639
vs,0.15450000000000003,0.06548588041287697,0.0770179851396729,0.23202477035775426
am,0.029500000000000002,-0.006177913246497826,-0.01812187885639363,0.06601541583400539
